code,system
7A4A.14,readv2
7A4B.13,readv2
7A48D00,readv2
7A4A.00,readv2
7A4Az00,readv2
7A47.15,readv2
7A49600,readv2
7A48800,readv2
7A48E00,readv2
7A48.11,readv2
7A47.16,readv2
7A41311,readv2
7A48.00,readv2
7A49.13,readv2
7A49200,readv2
7A49400,readv2
7A4Ay00,readv2
7A4A000,readv2
7A49.00,readv2
7A49.15,readv2
7A47.13,readv2
7A48.16,readv2
7A49y00,readv2
7A49800,readv2
7A12100,readv2
7A4B.00,readv2
7A47.00,readv2
7A47z00,readv2
7A49000,readv2
7A48.14,readv2
7A47y00,readv2
7A4Bz00,readv2
7A41211,readv2
7A4A212,readv2
7A4A200,readv2
7A48A00,readv2
7A12000,readv2
7A48y00,readv2
7A49z00,readv2
7A4B.15,readv2
7A4By00,readv2
7A48z00,readv2
7A50200,readv2
G683.00,readv2
G301.00,readv2
G501.00,readv2
G64z200,readv2
G30..17,readv2
3234,readv2
G303.00,readv2
G30y100,readv2
G677.00,readv2
G360.00,readv2
G36..00,readv2
889A.00,readv2
G364.00,readv2
G35..00,readv2
G353.00,readv2
G305.00,readv2
3236,readv2
G351.00,readv2
G38..00,readv2
G307100,readv2
323..00,readv2
323Z.00,readv2
G64..12,readv2
G307000,readv2
3233,readv2
G350.00,readv2
G306.00,readv2
G64z.00,readv2
G63..11,readv2
G384.00,readv2
G676000,readv2
G30y.00,readv2
G30y000,readv2
G641000,readv2
Gyu6G00,readv2
G6W..00,readv2
G63y100,readv2
G64z.11,readv2
G35X.00,readv2
G30..15,readv2
G38z.00,readv2
G380.00,readv2
G678.00,readv2
Gyu3400,readv2
G640000,readv2
G64z400,readv2
G309.00,readv2
G301100,readv2
G30yz00,readv2
Gyu6400,readv2
G302.00,readv2
G64z300,readv2
G30B.00,readv2
G365.00,readv2
G30X.00,readv2
G311.00,readv2
G307.00,readv2
G300.00,readv2
G311.12,readv2
G30..13,readv2
G64z000,readv2
G30X000,readv2
G30y200,readv2
G311z00,readv2
G381.00,readv2
G63y000,readv2
G312.00,readv2
G304.00,readv2
G64z.12,readv2
G301z00,readv2
G308.00,readv2
G30..00,readv2
G68X.00,readv2
G301000,readv2
3235,readv2
G33z500,readv2
G30z.00,readv2
G361.00,readv2
7A44.00,readv2
7A41.00,readv2
7A43z00,readv2
7A42.00,readv2
7A42z00,readv2
7A43100,readv2
7A41z00,readv2
7A42012,readv2
7A43000,readv2
7A43y00,readv2
7A44y00,readv2
7A4y.00,readv2
7A42000,readv2
7A41100,readv2
7A4z.00,readv2
7A43.00,readv2
7A50100,readv2
7A44z00,readv2
7A12300,readv2
7A41y00,readv2
7A4..00,readv2
7A42y00,readv2
7A42100,readv2
M271000,readv2
M271.12,readv2
7A44000,readv2
7A4B900,readv2
7A4B400,readv2
7A4B300,readv2
7A44400,readv2
7A4B000,readv2
7A4B200,readv2
7A28500,readv2
7A25600,readv2
7A4B500,readv2
7A28200,readv2
7A44100,readv2
7A4B100,readv2
7A22300,readv2
7A22000,readv2
7A12111,readv2
7A12311,readv2
7A12312,readv2
7A12112,readv2
C108600,readv2
C109F00,readv2
C109500,readv2
C108G00,readv2
G662.00,readv2
S62..00,readv2
G641.11,readv2
G671000,readv2
F14..11,readv2
G6y..00,readv2
G67z.00,readv2
1477,readv2
G664.00,readv2
G61z.00,readv2
G618.00,readv2
1JA1.00,readv2
G660.00,readv2
S62..14,readv2
Gyu6.00,readv2
S63..00,readv2
G679.00,readv2
G6z..00,readv2
G613.00,readv2
S63z.00,readv2
G661.00,readv2
G681.00,readv2
G61..12,readv2
G61..00,readv2
G617.00,readv2
S62z.00,readv2
G6...00,readv2
G641.00,readv2
G67..00,readv2
G61..11,readv2
Gyu6200,readv2
G67y.00,readv2
N111.11,readv2
G769.00,readv2
G33z400,readv2
9Om1.00,readv2
G73..11,readv2
9Om2.00,readv2
G73..12,readv2
2G63.00,readv2
G733.00,readv2
G73..13,readv2
9Om4.00,readv2
9Om..00,readv2
9Om3.00,readv2
5C10.00,readv2
7N44L00,readv2
7A22.00,readv2
G70y000,readv2
7A21y00,readv2
7A22y00,readv2
7NBC.00,readv2
7A20300,readv2
7N48200,readv2
7A2..00,readv2
7A21.00,readv2
7N44000,readv2
7A21200,readv2
7A20400,readv2
7A20700,readv2
7A20z00,readv2
7A21z00,readv2
G70y011,readv2
7A21000,readv2
7A22200,readv2
7A20000,readv2
5513,readv2
7A20200,readv2
7A22z00,readv2
7A20311,readv2
7A20y00,readv2
G601.00,readv2
7A20100,readv2
G72y100,readv2
7NB6400,readv2
7A20.00,readv2
G673200,readv2
7A45200,readv2
7A46000,readv2
7A46C00,readv2
7A45000,readv2
7A10000,readv2
7A48C00,readv2
7A40000,readv2
7A47D00,readv2
7A11000,readv2
7A47700,readv2
7A47300,readv2
7A47400,readv2
7A48400,readv2
7A46300,readv2
7A47200,readv2
7A47100,readv2
7A45D00,readv2
7A47600,readv2
5593,readv2
7A47C00,readv2
7A48000,readv2
7A48600,readv2
7A41C00,readv2
7A47000,readv2
7A41200,readv2
7A41000,readv2
7A46100,readv2
7A11100,readv2
7A47.11,readv2
7A47B00,readv2
55A2.00,readv2
7A45700,readv2
7A41300,readv2
7A48B00,readv2
7A48200,readv2
5562,readv2
G718.00,readv2
G714.11,readv2
G716000,readv2
G713.11,readv2
G713.00,readv2
7A11211,readv2
7A13411,readv2
7A14400,readv2
7A1B800,readv2
7A11311,readv2
G714.00,readv2
7A1B000,readv2
7A13400,readv2
G715000,readv2
7A14411,readv2
G330z00,readv2
G330.00,readv2
7032000,readv2
7017000,readv2
7A1C000,readv2
G663.00,readv2
7A1Cz00,readv2
7A1Cy00,readv2
Fyu5700,readv2
C107.11,readv2
C109512,readv2
C109511,readv2
C10E600,readv2
C10F500,readv2
C107.12,readv2
G30..14,readv2
G31y100,readv2
G30..11,readv2
C107200,readv2
C107100,readv2
C10EG00,readv2
C109F11,readv2
C109F12,readv2
G73y100,readv2
C10FF00,readv2
7A4A300,readv2
S623.00,readv2
G620.00,readv2
S625.00,readv2
G622.00,readv2
G621.00,readv2
G682.00,readv2
S629.00,readv2
S628.00,readv2
S62A.00,readv2
G671.00,readv2
G671z00,readv2
E004000,readv2
E004.00,readv2
E004100,readv2
E004z00,readv2
E004300,readv2
E004200,readv2
Eu01.11,readv2
7A43200,readv2
7A11z00,readv2
7A46.14,readv2
G714000,readv2
7A14300,readv2
7A46z00,readv2
7A46y00,readv2
7A11200,readv2
7A13z00,readv2
7A13y00,readv2
7A14.11,readv2
7A4A500,readv2
7A40.00,readv2
7A11300,readv2
7A1B700,readv2
7A46D00,readv2
7A1BD00,readv2
7A14y00,readv2
7A4A400,readv2
7A14200,readv2
7A14z00,readv2
7A40z00,readv2
7A1C100,readv2
G71z.00,readv2
14AE.00,readv2
G71..00,readv2
7A1B500,readv2
7A1C.00,readv2
7A46.11,readv2
7A1Bz00,readv2
7A46.00,readv2
7A11y00,readv2
7A19400,readv2
7A1B100,readv2
7A13.11,readv2
7A45.14,readv2
7A11.00,readv2
7A14.00,readv2
7A45.15,readv2
7A13300,readv2
7A13.00,readv2
7A45.00,readv2
7A1B.00,readv2
S629000,readv2
S629100,readv2
G311200,readv2
G311300,readv2
G33z300,readv2
G311.14,readv2
G330000,readv2
G33z600,readv2
G311.11,readv2
G331.00,readv2
7A50000,readv2
G63y.00,readv2
7A20600,readv2
Gyu6500,readv2
G63..12,readv2
G633.00,readv2
G654.00,readv2
G63z.00,readv2
7A20500,readv2
G63..00,readv2
G73z.00,readv2
Gyu7400,readv2
G73y.00,readv2
G73..00,readv2
G73zz00,readv2
G73yz00,readv2
L440.11,readv2
G702z00,readv2
G702.00,readv2
L440.12,readv2
G610.00,readv2
G614.00,readv2
7A26C00,readv2
G651.00,readv2
7A27.13,readv2
7A26.11,readv2
G33zz00,readv2
G33..00,readv2
G331.11,readv2
Gyu3000,readv2
G33z.00,readv2
S62..11,readv2
G33z100,readv2
Gyu6600,readv2
Gyu6300,readv2
G677300,readv2
G677200,readv2
G6X..00,readv2
G677100,readv2
G677000,readv2
G677400,readv2
G634.00,readv2
G631.11,readv2
C107z00,readv2
C107.00,readv2
C107000,readv2
C107400,readv2
C107300,readv2
7A41900,readv2
7A48.12,readv2
7A41B00,readv2
7A43011,readv2
7A43.11,readv2
7A44.11,readv2
7A42011,readv2
7A43111,readv2
7A42111,readv2
G72y000,readv2
7A4A.11,readv2
7A41600,readv2
7A49.11,readv2
7NB6500,readv2
7N44500,readv2
7A42.11,readv2
7A41400,readv2
7A1C400,readv2
7A43300,readv2
7A44300,readv2
G66..12,readv2
G62..00,readv2
G66..11,readv2
G68W.00,readv2
G60X.00,readv2
G66..13,readv2
G61X000,readv2
G66..00,readv2
G61X100,readv2
662K100,readv2
662K200,readv2
662Kz00,readv2
662K.00,readv2
662K000,readv2
G311.13,readv2
G311100,readv2
G33z700,readv2
7A4A600,readv2
7A4..11,readv2
7A4A.13,readv2
7A4A700,readv2
7A4A800,readv2
G665.00,readv2
G666.00,readv2
S626.00,readv2
S624.11,readv2
G73y000,readv2
R054200,readv2
R054300,readv2
Fyu5600,readv2
662e.00,readv2
C315100,readv2
38DM.11,readv2
13YA.00,readv2
7P24200,readv2
14A7.00,readv2
ZLEP.00,readv2
14A7.12,readv2
8HHM.00,readv2
7A49100,readv2
7NB6600,readv2
G611.00,readv2
7N44600,readv2
G72y200,readv2
7A49300,readv2
G616.00,readv2
8B27.00,readv2
9N0p.00,readv2
9N4X.00,readv2
7A15.00,readv2
G34y000,readv2
G671100,readv2
662M.00,readv2
662o.00,readv2
44H3.00,readv2
7A10100,readv2
7A10200,readv2
7A10300,readv2
G73z000,readv2
G73z012,readv2
G73z011,readv2
G62z.00,readv2
7A4A211,readv2
7A4A311,readv2
G64z100,readv2
G742z00,readv2
G366.00,readv2
G631.12,readv2
8B3g.00,readv2
G30A.00,readv2
G30..12,readv2
G30..16,readv2
G640.00,readv2
7A4B.14,readv2
ZV12511,readv2
ZV12512,readv2
9h21.00,readv2
9h22.00,readv2
G631.00,readv2
G632.00,readv2
G64..13,readv2
G64..11,readv2
G64..00,readv2
G630.00,readv2
G65..13,readv2
G650.11,readv2
G656.00,readv2
G650.00,readv2
G651000,readv2
14NB.00,readv2
A94y600,readv2
G715.00,readv2
G363.00,readv2
G713000,readv2
G716.00,readv2
G668.00,readv2
7A19200,readv2
7A12.00,readv2
7A12y00,readv2
7A12z00,readv2
7A4A100,readv2
7A1..11,readv2
7A48.15,readv2
G653.00,readv2
G61X.00,readv2
Gyu6F00,readv2
7A49.14,readv2
7A49900,readv2
G64z111,readv2
G68..00,readv2
S624.00,readv2
S622.00,readv2
G362.00,readv2
7A48500,readv2
7A48100,readv2
G31y000,readv2
7A48300,readv2
7A48700,readv2
G332.00,readv2
662K300,readv2
G311400,readv2
7A41F00,readv2
S62..13,readv2
7A50.00,readv2
7A50300,readv2
7929100,readv2
7929111,readv2
G612.00,readv2
14A7.11,readv2
9Om0.00,readv2
44H3000,readv2
32E3.00,readv2
32B2.00,readv2
8B3a.00,readv2
32B3.00,readv2
G33z200,readv2
G37..00,readv2
44p2.00,readv2
G623.00,readv2
9h2..00,readv2
G667.00,readv2
7A47.14,readv2
G33z000,readv2
G602.00,readv2
14AK.00,readv2
7A49700,readv2
7A49500,readv2
G700.00,readv2
7A1B400,readv2
G310.11,readv2